1,Rafael,Holmes,Male,22
2,Alexia,Dickerson,Female,24
3,Dexter,Manning,Male,30
4,Jared,Martin,Male,30
5,Michelle,Howard,Female,28
6,Amaan ,Montgomery,Female,27
7,Mariya,Myers,Female,26
8,Claude ,Miller,Female,21
9,Dane Gunn,Gray,Male,19
10,Md Albert,Phillips,Female,29
11,Abraham,Thomas,Male,25
12,Brianna,Hawkins,Female,18
13,Blake,Fenton,Male,28
14,Dexter,Henderson,Male,22
15,Owen,Gibson,Male,26
16,Isabella,Searle,Female,19
17,Abdirahman ,Moore,Male,19
18,Danish ,Alexander,Male,30
19,Malia ,Owen,Female,21
20,Harvie ,Perry,Male,19
21,Aston,Martin,Male,24
22,Brianna,Hackett,Female,22
23,Brad,Villa,Male,18
24,Adam,Thomson,Male,24
25,Maya,Myers,Female,23
26,Maya,Phillips,Female,20
27,Haris,Hollis,Male,25
28,Nicholas,Williams,Male,26
29,Edgar,Herring,Male,19
30,Malakai ,Thompson,Female,24
31,Roshan ,Gibson,Female,30
32,Niall Byrne,Ferguson,Male,23
33,Nishat ,Mcphee,Female,18
34,Archie ,Fowler,Male,29
35,Samantha ,Lloyd,Female,23
36,Alicia ,Turner,Male,28
37,Colleen ,Mckenna,Female,26
38,Taha ,Grant,Female,19
39,Bodhi ,Macdonald,Female,19
40,Amanda,Escobar,Female,27
41,Edith,Daly,Female,30
42,Fiona,Carroll,Female,26
43,Alexia,Busby,Female,27
44,Chester,Cameron,Male,28
45,Abigail,Cresswell,Female,18
46,Maximilian,Williams,Male,23
47,Brianna,Clarke,Female,30
48,Cadie,Carter,Female,19
49,Briony,Holmes,Female,22
50,Bunny,Busgs,Male,20